frame,vehicle,raw,trimmed,curved,demand,speed,selector,curve
1,1,0,0,0,0,0,0,B
2,1,0,0,0,0,0,0,B
3,1,0,0,0,0,0,0,B
4,1,0,0,0,0,0,0,B
5,1,0,0,0,0,0,0,B
6,1,0,0,0,0,0,0,B
7,1,0,0,0,0,0,0,B
8,1,0,0,0,0,0,0,B
9,1,0,0,0,0,0,0,B
10,1,0,0,0,0,0,0,B
11,1,0,0,0,0,0,0,B
12,1,0,0,0,0,0,0,B
13,1,0,0,0,0,0,0,B
14,1,0,0,0,0,0,0,B
15,1,0,0,0,0,0,0,B
16,1,0,0,0,0,0,0,B
17,1,0,0,0,0,0,0,B
18,1,0,0,0,0,0,0,B
19,1,0,0,0,0,0,0,B
20,1,0,0,0,0,0,0,B
21,1,0,0,0,0,0,0,B
22,1,0,0,0,0,0,0,B
23,1,0,0,0,0,0,0,B
24,1,0,0,0,0,0,0,B
25,1,0,0,0,0,0,0,B
26,1,0,0,0,0,0,0,B
27,1,0,0,0,0,0,0,B
28,1,0,0,0,0,0,0,B
29,1,0,0,0,0,0,0,B
30,1,0,0,0,0,0,0,B
31,1,0,0,0,0,0,0,B
32,1,0,0,0,0,0,0,B
33,1,0,0,0,0,0,0,B
34,1,0,0,0,0,0,0,B
35,1,0,0,0,0,0,0,B
36,1,0,0,0,0,0,0,B
37,1,0,0,0,0,0,0,B
38,1,0,0,0,0,0,0,B
39,1,0,0,0,0,0,0,B
40,1,0,0,0,0,0,0,B
41,1,0,0,0,0,0,0,B
42,1,0,0,0,0,0,0,B
43,1,0,0,0,0,0,0,B
44,1,0,0,0,0,0,0,B
45,1,0,0,0,0,0,0,B
46,1,0,0,0,0,0,0,B
47,1,0,0,0,0,0,0,B
48,1,0,0,0,0,0,0,B
49,1,0,0,0,0,0,0,B
50,1,0,0,0,0,0,0,B
51,1,0,0,0,0,0,0,B
52,1,0,0,0,0,0,0,B
53,1,0,0,0,0,0,0,B
54,1,0,0,0,0,0,0,B
55,1,0,0,0,0,0,0,B
56,1,0,0,0,0,0,0,B
57,1,0,0,0,0,0,0,B
58,1,0,0,0,0,0,0,B
59,1,0,0,0,0,0,0,B
60,1,0,0,0,0,0,0,B
61,1,0,0,0,0,0,0,B
62,1,0,0,0,0,0,0,B
63,1,0,0,0,0,0,0,B
64,1,0,0,0,0,0,0,B
65,1,0,0,0,0,0,0,B
66,1,0,0,0,0,0,0,B
67,1,0,0,0,0,0,0,B
68,1,0,0,0,0,0,0,B
69,1,0,0,0,0,0,0,B
70,1,0,0,0,0,0,0,B
71,1,0,0,0,0,0,0,B
72,1,0,0,0,0,0,0,B
73,1,0,0,0,0,0,0,B
74,1,0,0,0,0,0,0,B
75,1,0,0,0,0,0,0,B
76,1,0,0,0,0,0,0,B
77,1,0,0,0,0,0,0,B
78,1,0,0,0,0,0,0,B
79,1,0,0,0,0,0,0,B
80,1,0,0,0,0,0,0,B
81,1,0,0,0,0,0,0,B
82,1,0,0,0,0,0,0,B
83,1,0,0,0,0,0,0,B
84,1,0,0,0,0,0,0,B
85,1,0,0,0,0,0,0,B
86,1,0,0,0,0,0,0,B
87,1,0,0,0,0,0,0,B
88,1,0,0,0,0,0,0,B
89,1,0,0,0,0,0,0,B
90,1,0,0,0,0,0,0,B
91,1,0,0,0,0,0,0,B
92,1,0,0,0,0,0,0,B
93,1,0,0,0,0,0,0,B
94,1,0,0,0,0,0,0,B
95,1,0,0,0,0,0,0,B
96,1,0,0,0,0,0,0,B
97,1,0,0,0,0,0,0,B
98,1,0,0,0,0,0,0,B
99,1,0,0,0,0,0,0,B
100,1,0,0,0,0,0,0,B
101,1,0,0,0,0,0,0,B
102,1,0,0,0,0,0,0,B
103,1,0,0,0,0,0,0,B
104,1,0,0,0,0,0,0,B
105,1,0,0,0,0,0,0,B
106,1,0,0,0,0,0,0,B
107,1,0,0,0,0,0,0,B
108,1,0,0,0,0,0,0,B
109,1,0,0,0,0,0,0,B
110,1,0,0,0,0,0,0,B
111,1,0,0,0,0,0,0,B
112,1,0,0,0,0,0,0,B
113,1,0,0,0,0,0,0,B
114,1,0,0,0,0,0,0,B
115,1,0,0,0,0,0,0,B
116,1,0,0,0,0,0,0,B
117,1,0,0,0,0,0,0,B
118,1,0,0,0,0,0,0,B
119,1,0,0,0,0,0,0,B
120,1,0,0,0,0,0,0,B
121,1,0,0,0,0,0,0,B
122,1,0,0,0,0,0,0,B
123,1,0,0,0,0,0,0,B
124,1,0,0,0,0,0,0,B
125,1,0,0,0,0,0,0,B
126,1,0,0,0,0,0,0,B
127,1,0,0,0,0,4,0,B
128,1,0,0,0,0,8,0,B
129,1,0,0,0,0,10,0,B
130,1,0,0,0,0,11,0,B
131,1,0,0,0,0,11,0,B
132,1,0,0,0,0,12,0,B
133,1,0,0,0,0,12,0,B
134,1,0,0,0,0,12,0,B
135,1,0,0,0,0,12,0,B
136,1,0,0,0,0,13,0,B
137,1,0,0,0,0,13,0,B
138,1,0,0,0,0,13,0,B
139,1,0,0,0,0,14,0,B
140,1,0,0,0,0,15,0,B
141,1,0,0,0,0,16,0,B
142,1,0,0,0,0,17,0,B
143,1,0,0,0,0,18,0,B
144,1,0,0,0,0,18,0,B
145,1,0,0,0,0,19,0,B
146,1,0,0,0,0,20,0,B
147,1,0,0,0,0,21,0,B
148,1,0,0,0,0,21,0,B
149,1,0,0,0,0,22,0,B
150,1,0,0,0,0,23,0,B
151,1,0,0,0,0,24,0,B
152,1,0,0,0,0,24,0,B
153,1,0,0,0,0,25,0,B
154,1,0,0,0,0,26,0,B
155,1,0,0,0,0,26,0,B
156,1,0,0,0,0,27,0,B
157,1,0,0,0,0,28,0,B
158,1,0,0,0,0,29,0,B
159,1,0,0,0,0,29,0,B
160,1,0,0,0,0,30,0,B
161,1,0,0,0,0,31,0,B
162,1,0,0,0,0,31,0,B
163,1,0,0,0,0,32,0,B
164,1,0,0,0,0,33,0,B
165,1,0,0,0,0,34,0,B
166,1,0,0,0,0,34,0,B
167,1,0,0,0,0,35,0,B
168,1,0,0,0,0,36,0,B
169,1,0,0,0,0,37,0,B
170,1,0,0,0,0,38,0,B
171,1,0,0,0,0,38,0,B
172,1,0,0,0,0,39,0,B
173,1,0,0,0,0,40,0,B
174,1,0,0,0,0,41,0,B
175,1,0,0,0,0,42,0,B
176,1,0,0,0,0,43,0,B
177,1,0,0,0,0,43,0,B
178,1,0,0,0,0,44,0,B
179,1,0,0,0,0,45,0,B
180,1,0,0,0,0,46,0,B
181,1,0,0,0,0,47,0,B
182,1,0,0,0,0,48,0,B
183,1,0,0,0,0,49,0,B
184,1,0,0,0,0,50,0,B
185,1,0,0,0,0,51,0,B
186,1,0,0,0,0,52,0,B
187,1,0,0,0,0,53,0,B
188,1,0,0,0,0,54,0,B
189,1,0,0,0,0,55,0,B
190,1,0,0,0,0,56,0,B
191,1,0,0,0,0,57,0,B
192,1,0,0,0,0,58,0,B
193,1,0,0,0,0,59,0,B
194,1,0,0,0,0,60,0,B
195,1,0,0,0,0,61,0,B
196,1,0,0,0,0,62,0,B
197,1,0,0,0,0,63,0,B
198,1,0,0,0,0,65,0,B
199,1,0,0,0,0,66,0,B
200,1,0,0,0,0,67,0,B
201,1,0,0,0,0,68,0,B
202,1,0,0,0,0,70,0,B
203,1,0,0,0,0,71,0,B
204,1,0,0,0,0,72,0,B
205,1,0,0,0,0,73,0,B
206,1,0,0,0,0,74,0,B
207,1,0,0,0,0,76,0,B
208,1,0,0,0,0,77,0,B
209,1,0,0,0,0,78,0,B
210,1,0,0,0,0,79,0,B
211,1,0,0,0,0,80,0,B
212,1,0,0,0,0,81,0,B
213,1,0,0,0,0,82,0,B
214,1,0,0,0,0,83,0,B
215,1,0,0,0,0,85,0,B
216,1,0,0,0,0,86,0,B
217,1,0,0,0,0,87,0,B
218,1,0,0,0,0,88,0,B
219,1,0,0,0,0,89,0,B
220,1,0,0,0,0,90,0,B
221,1,0,0,0,0,91,0,B
222,1,0,0,0,0,92,0,B
223,1,0,0,0,0,92,0,B
224,1,0,0,0,0,93,0,B
225,1,0,0,0,0,94,0,B
226,1,0,0,0,0,94,0,B
227,1,0,0,0,0,95,0,B
228,1,0,0,0,0,96,0,B
229,1,0,0,0,0,96,0,B
230,1,0,0,0,0,97,0,B
231,1,0,0,0,0,98,0,B
232,1,0,0,0,0,98,0,B
233,1,0,0,0,0,99,0,B
234,1,0,0,0,0,100,0,B
235,1,0,0,0,0,101,0,B
236,1,0,0,0,0,101,0,B
237,1,0,0,0,0,102,0,B
238,1,0,0,0,0,103,0,B
239,1,0,0,0,0,104,0,B
240,1,0,0,0,0,104,0,B
241,1,0,0,0,0,105,0,B
242,1,0,0,0,0,106,0,B
243,1,0,0,0,0,107,0,B
244,1,0,0,0,0,107,0,B
245,1,0,0,0,0,108,0,B
246,1,0,0,0,0,109,0,B
247,1,0,0,0,0,110,0,B
248,1,0,0,0,0,110,0,B
249,1,0,0,0,0,111,0,B
250,1,0,0,0,0,112,0,B
251,1,0,0,0,0,113,0,B
252,1,0,0,0,0,113,0,B
253,1,0,0,0,0,114,0,B
254,1,0,0,0,0,115,0,B
255,1,0,0,0,0,116,0,B
256,1,0,0,0,0,116,0,B
257,1,0,0,0,0,117,0,B
258,1,0,0,0,0,118,0,B
259,1,0,0,0,0,118,0,B
260,1,0,0,0,0,119,0,B
261,1,0,0,0,0,120,0,B
262,1,0,0,0,0,120,0,B
263,1,0,0,0,0,121,0,B
264,1,0,0,0,0,122,0,B
265,1,0,0,0,0,123,0,B
266,1,0,0,0,0,123,0,B
267,1,0,0,0,0,124,0,B
268,1,0,0,0,0,125,0,B
269,1,0,0,0,0,125,0,B
270,1,0,0,0,0,126,0,B
271,1,0,0,0,0,127,0,B
272,1,0,0,0,0,127,0,B
273,1,0,0,0,0,128,0,B
274,1,0,0,0,0,129,0,B
275,1,0,0,0,0,130,0,B
276,1,0,0,0,0,130,0,B
277,1,0,0,0,0,131,0,B
278,1,0,0,0,0,132,0,B
279,1,0,0,0,0,132,0,B
280,1,0,0,0,0,133,0,B
281,1,0,0,0,0,134,0,B
282,1,0,0,0,0,135,0,B
283,1,0,0,0,0,135,0,B
284,1,0,0,0,0,136,0,B
285,1,0,0,0,0,137,0,B
286,1,0,0,0,0,137,0,B
287,1,0,0,0,0,138,0,B
288,1,0,0,0,0,139,0,B
289,1,0,0,0,0,139,0,B
290,1,0,0,0,0,140,0,B
291,1,0,0,0,0,140,0,B
292,1,0,0,0,0,141,0,B
293,1,0,0,0,0,141,0,B
294,1,0,0,0,0,142,0,B
295,1,0,0,0,0,142,0,B
296,1,0,0,0,0,143,0,B
297,1,0,0,0,0,143,0,B
298,1,0,0,0,0,144,0,B
299,1,0,0,0,0,145,0,B
300,1,0,0,0,0,145,0,B
301,1,0,0,0,0,146,0,B
302,1,0,0,0,0,146,0,B
303,1,0,0,0,0,147,0,B
304,1,0,0,0,0,147,0,B
305,1,0,0,0,0,148,0,B
306,1,0,0,0,0,148,0,B
307,1,0,0,0,0,149,0,B
308,1,0,0,0,0,149,0,B
309,1,0,0,0,0,150,0,B
310,1,0,0,0,0,150,0,B
311,1,0,0,0,0,151,0,B
312,1,0,0,0,0,151,0,B
313,1,0,0,0,0,152,0,B
314,1,0,0,0,0,152,0,B
315,1,0,0,0,0,153,0,B
316,1,0,0,0,0,153,0,B
317,1,0,0,0,0,154,0,B
318,1,0,0,0,0,154,0,B
319,1,0,0,0,0,155,0,B
320,1,0,0,0,0,155,0,B
321,1,0,0,0,0,156,0,B
322,1,0,0,0,0,157,0,B
323,1,0,0,0,0,157,0,B
324,1,0,0,0,0,158,0,B
325,1,0,0,0,0,158,0,B
326,1,0,0,0,0,159,0,B
327,1,0,0,0,0,159,0,B
328,1,0,0,0,0,160,0,B
329,1,0,0,0,0,160,0,B
330,1,0,0,0,0,161,0,B
331,1,0,0,0,0,161,0,B
332,1,0,0,0,0,162,0,B
333,1,0,0,0,0,162,0,B
334,1,0,0,0,0,48,0,B
335,1,0,0,0,0,38,0,B
336,1,0,0,0,0,31,0,B
337,1,0,0,0,0,24,0,B
338,1,0,0,0,0,21,0,B
339,1,0,0,0,0,14,0,B
340,1,0,0,0,0,14,0,B
341,1,0,0,0,0,9,0,B
342,1,0,0,0,0,10,0,B
343,1,0,0,0,0,13,0,B
344,1,0,0,0,0,16,0,B
345,1,0,0,0,0,19,0,B
346,1,0,0,0,0,22,0,B
347,1,0,0,0,0,24,0,B
348,1,0,0,0,0,26,0,B
349,1,0,0,0,0,27,0,B
350,1,0,0,0,0,27,0,B
351,1,0,0,0,0,27,0,B
352,1,0,0,0,0,28,0,B
353,1,0,0,0,0,29,0,B
354,1,0,0,0,0,30,0,B
355,1,0,0,0,0,31,0,B
356,1,0,0,0,0,31,0,B
357,1,0,0,0,0,32,0,B
358,1,0,0,0,0,33,0,B
359,1,0,0,0,0,34,0,B
360,1,0,0,0,0,35,0,B
361,1,0,0,0,0,36,0,B
362,1,0,0,0,0,37,0,B
363,1,0,0,0,0,38,0,B
364,1,0,0,0,0,39,0,B
365,1,0,0,0,0,41,0,B
366,1,0,0,0,0,42,0,B
367,1,0,0,0,0,43,0,B
368,1,0,0,0,0,44,0,B
369,1,0,0,0,0,45,0,B
370,1,0,0,0,0,46,0,B
371,1,0,0,0,0,47,0,B
372,1,0,0,0,0,48,0,B
373,1,0,0,0,0,49,0,B
374,1,0,0,0,0,51,0,B
375,1,0,0,0,0,52,0,B
376,1,0,0,0,0,53,0,B
377,1,0,0,0,0,54,0,B
378,1,0,0,0,0,56,0,B
379,1,0,0,0,0,57,0,B
380,1,0,0,0,0,58,0,B
381,1,0,0,0,0,60,0,B
382,1,0,0,0,0,61,0,B
383,1,0,0,0,0,62,0,B
384,1,0,0,0,0,64,0,B
385,1,0,0,0,0,65,0,B
386,1,0,0,0,0,67,0,B
387,1,0,0,0,0,68,0,B
388,1,0,0,0,0,70,0,B
389,1,0,0,0,0,71,0,B
390,1,0,0,0,0,73,0,B
391,1,0,0,0,0,74,0,B
392,1,0,0,0,0,76,0,B
393,1,0,0,0,0,77,0,B
394,1,0,0,0,0,79,0,B
395,1,0,0,0,0,80,0,B
396,1,0,0,0,0,81,0,B
397,1,0,0,0,0,83,0,B
398,1,0,0,0,0,84,0,B
399,1,0,0,0,0,86,0,B
400,1,0,0,0,0,87,0,B
401,1,0,0,0,0,89,0,B
402,1,0,0,0,0,90,0,B
403,1,0,0,0,0,91,0,B
404,1,0,0,0,0,93,0,B
405,1,0,0,0,0,94,0,B
406,1,0,0,0,0,94,0,B
407,1,0,0,0,0,95,0,B
408,1,0,0,0,0,96,0,B
409,1,0,0,0,0,97,0,B
410,1,0,0,0,0,98,0,B
411,1,0,0,0,0,99,0,B
412,1,0,0,0,0,100,0,B
413,1,0,0,0,0,100,0,B
414,1,0,0,0,0,101,0,B
415,1,0,0,0,0,102,0,B
416,1,0,0,0,0,103,0,B
417,1,0,0,0,0,104,0,B
418,1,0,0,0,0,105,0,B
419,1,0,0,0,0,106,0,B
420,1,0,0,0,0,59,0,B
421,1,0,0,0,0,58,0,B
422,1,0,0,0,0,57,0,B
423,1,0,0,0,0,58,0,B
424,1,0,0,0,0,59,0,B
425,1,0,0,0,0,59,0,B
426,1,0,0,0,0,60,0,B
427,1,0,0,0,0,61,0,B
428,1,0,0,0,0,61,0,B
429,1,0,0,0,0,62,0,B
430,1,0,0,0,0,63,0,B
431,1,0,0,0,0,63,0,B
432,1,0,0,0,0,64,0,B
433,1,0,0,0,0,65,0,B
434,1,0,0,0,0,65,0,B
435,1,0,0,0,0,66,0,B
436,1,0,0,0,0,67,0,B
437,1,0,0,0,0,67,0,B
438,1,0,0,0,0,68,0,B
439,1,0,0,0,0,69,0,B
440,1,0,0,0,0,69,0,B
441,1,0,0,0,0,70,0,B
442,1,0,0,0,0,71,0,B
443,1,0,0,0,0,71,0,B
444,1,0,0,0,0,72,0,B
445,1,0,0,0,0,73,0,B
446,1,0,0,0,0,74,0,B
447,1,0,0,0,0,74,0,B
448,1,0,0,0,0,75,0,B
449,1,0,0,0,0,76,0,B
450,1,0,0,0,0,76,0,B
451,1,0,0,0,0,77,0,B
452,1,0,0,0,0,78,0,B
453,1,0,0,0,0,79,0,B
454,1,0,0,0,0,79,0,B
455,1,0,0,0,0,80,0,B
456,1,0,0,0,0,81,0,B
457,1,0,0,0,0,82,0,B
458,1,0,0,0,0,82,0,B
459,1,0,0,0,0,83,0,B
460,1,0,0,0,0,84,0,B
461,1,0,0,0,0,85,0,B
462,1,0,0,0,0,86,0,B
463,1,0,0,0,0,86,0,B
464,1,0,0,0,0,87,0,B
465,1,0,0,0,0,88,0,B
466,1,0,0,0,0,89,0,B
467,1,0,0,0,0,90,0,B
468,1,0,0,0,0,90,0,B
469,1,0,0,0,0,91,0,B
470,1,0,0,0,0,92,0,B
471,1,0,0,0,0,93,0,B
472,1,0,0,0,0,94,0,B
473,1,0,0,0,0,95,0,B
474,1,0,0,0,0,96,0,B
475,1,0,0,0,0,96,0,B
476,1,0,0,0,0,97,0,B
477,1,0,0,0,0,98,0,B
478,1,0,0,0,0,99,0,B
479,1,0,0,0,0,100,0,B
480,1,0,0,0,0,101,0,B
481,1,0,0,0,0,102,0,B
482,1,0,0,0,0,103,0,B
483,1,0,0,0,0,104,0,B
484,1,0,0,0,0,105,0,B
485,1,0,0,0,0,106,0,B
486,1,0,0,0,0,107,0,B
487,1,0,0,0,0,108,0,B
488,1,0,0,0,0,109,0,B
489,1,0,0,0,0,110,0,B
490,1,0,0,0,0,111,0,B
491,1,0,0,0,0,111,0,B
492,1,0,0,0,0,112,0,B
493,1,0,0,0,0,113,0,B
494,1,0,0,0,0,114,0,B
495,1,0,0,0,0,115,0,B
496,1,0,0,0,0,116,0,B
497,1,0,0,0,0,117,0,B
498,1,0,0,0,0,118,0,B
499,1,0,0,0,0,119,0,B
500,1,0,0,0,0,120,0,B
501,1,0,0,0,0,121,0,B
502,1,0,0,0,0,121,0,B
503,1,0,0,0,0,122,0,B
504,1,0,0,0,0,123,0,B
505,1,0,0,0,0,124,0,B
506,1,0,0,0,0,125,0,B
507,1,0,0,0,0,126,0,B
508,1,0,0,0,0,127,0,B
509,1,0,0,0,0,128,0,B
510,1,0,0,0,0,128,0,B
511,1,0,0,0,0,129,0,B
512,1,0,0,0,0,130,0,B
513,1,0,0,0,0,131,0,B
514,1,0,0,0,0,132,0,B
515,1,0,0,0,0,133,0,B
516,1,0,0,0,0,134,0,B
517,1,0,0,0,0,134,0,B
518,1,0,0,0,0,135,0,B
519,1,0,0,0,0,136,0,B
520,1,0,0,0,0,137,0,B
521,1,0,0,0,0,138,0,B
522,1,0,0,0,0,139,0,B
523,1,0,0,0,0,140,0,B
524,1,0,0,0,0,140,0,B
525,1,0,0,0,0,141,0,B
526,1,0,0,0,0,142,0,B
527,1,0,0,0,0,143,0,B
528,1,0,0,0,0,143,0,B
529,1,0,0,0,0,144,0,B
530,1,0,0,0,0,144,0,B
531,1,0,0,0,0,145,0,B
532,1,0,0,0,0,108,0,B
533,1,0,0,0,0,105,0,B
534,1,0,0,0,0,103,0,B
535,1,0,0,0,0,102,0,B
536,1,0,0,0,0,101,0,B
537,1,0,0,0,0,94,0,B
538,1,0,0,0,0,93,0,B
539,1,0,0,0,0,93,0,B
540,1,0,0,0,0,93,0,B
541,1,0,0,0,0,94,0,B
542,1,0,0,0,0,95,0,B
543,1,0,0,0,0,90,0,B
544,1,0,0,0,0,91,0,B
545,1,0,0,0,0,92,0,B
546,1,0,0,0,0,93,0,B
547,1,0,0,0,0,94,0,B
548,1,0,0,0,0,95,0,B
549,1,0,0,0,0,95,0,B
550,1,0,0,0,0,96,0,B
551,1,0,0,0,0,97,0,B
552,1,0,0,0,0,98,0,B
553,1,0,0,0,0,99,0,B
554,1,0,0,0,0,100,0,B
555,1,0,0,0,0,101,0,B
556,1,0,0,0,0,101,0,B
557,1,0,0,0,0,102,0,B
558,1,0,0,0,0,103,0,B
559,1,0,0,0,0,104,0,B
560,1,0,0,0,0,105,0,B
561,1,0,0,0,0,106,0,B
562,1,0,0,0,0,107,0,B
563,1,0,0,0,0,108,0,B
564,1,0,0,0,0,108,0,B
565,1,0,0,0,0,109,0,B
566,1,0,0,0,0,110,0,B
567,1,0,0,0,0,111,0,B
568,1,0,0,0,0,112,0,B
569,1,0,0,0,0,113,0,B
570,1,0,0,0,0,114,0,B
571,1,0,0,0,0,115,0,B
572,1,0,0,0,0,115,0,B
573,1,0,0,0,0,116,0,B
574,1,0,0,0,0,117,0,B
575,1,0,0,0,0,112,0,B
576,1,0,0,0,0,113,0,B
577,1,0,0,0,0,113,0,B
578,1,0,0,0,0,114,0,B
579,1,0,0,0,0,115,0,B
580,1,0,0,0,0,116,0,B
581,1,0,0,0,0,109,0,B
582,1,0,0,0,0,110,0,B
583,1,0,0,0,0,111,0,B
584,1,0,0,0,0,112,0,B
585,1,0,0,0,0,112,0,B
586,1,0,0,0,0,113,0,B
587,1,0,0,0,0,114,0,B
588,1,0,0,0,0,115,0,B
589,1,0,0,0,0,116,0,B
590,1,0,0,0,0,117,0,B
591,1,0,0,0,0,118,0,B
592,1,0,0,0,0,118,0,B
593,1,0,0,0,0,119,0,B
594,1,0,0,0,0,120,0,B
595,1,0,0,0,0,121,0,B
596,1,0,0,0,0,122,0,B
597,1,0,0,0,0,123,0,B
598,1,0,0,0,0,123,0,B
599,1,0,0,0,0,124,0,B
600,1,0,0,0,0,125,0,B
601,1,0,0,0,0,126,0,B
602,1,0,0,0,0,127,0,B
603,1,0,0,0,0,128,0,B
604,1,0,0,0,0,128,0,B
605,1,0,0,0,0,129,0,B
606,1,0,0,0,0,130,0,B
607,1,0,0,0,0,131,0,B
608,1,0,0,0,0,132,0,B
609,1,0,0,0,0,133,0,B
610,1,0,0,0,0,134,0,B
611,1,0,0,0,0,134,0,B
612,1,0,0,0,0,135,0,B
613,1,0,0,0,0,136,0,B
614,1,0,0,0,0,137,0,B
615,1,0,0,0,0,138,0,B
616,1,0,0,0,0,139,0,B
617,1,0,0,0,0,140,0,B
618,1,0,0,0,0,140,0,B
619,1,0,0,0,0,141,0,B
620,1,0,0,0,0,142,0,B
621,1,0,0,0,0,143,0,B
622,1,0,0,0,0,143,0,B
623,1,0,0,0,0,144,0,B
624,1,0,0,0,0,144,0,B
625,1,0,0,0,0,145,0,B
626,1,0,0,0,0,146,0,B
627,1,0,0,0,0,146,0,B
628,1,0,0,0,0,147,0,B
629,1,0,0,0,0,148,0,B
630,1,0,0,0,0,148,0,B
631,1,0,0,0,0,149,0,B
632,1,0,0,0,0,150,0,B
633,1,0,0,0,0,150,0,B
634,1,0,0,0,0,151,0,B
635,1,0,0,0,0,151,0,B
636,1,0,0,0,0,152,0,B
637,1,0,0,0,0,153,0,B
638,1,0,0,0,0,153,0,B
639,1,0,0,0,0,154,0,B
640,1,0,0,0,0,155,0,B
641,1,0,0,0,0,155,0,B
642,1,0,0,0,0,156,0,B
643,1,0,0,0,0,156,0,B
644,1,0,0,0,0,157,0,B
645,1,0,0,0,0,158,0,B
646,1,0,0,0,0,158,0,B
647,1,0,0,0,0,159,0,B
648,1,0,0,0,0,159,0,B
649,1,0,0,0,0,160,0,B
650,1,0,0,0,0,161,0,B
651,1,0,0,0,0,161,0,B
652,1,0,0,0,0,162,0,B
653,1,0,0,0,0,162,0,B
654,1,0,0,0,0,163,0,B
655,1,0,0,0,0,163,0,B
656,1,0,0,0,0,164,0,B
657,1,0,0,0,0,165,0,B
658,1,0,0,0,0,165,0,B
659,1,0,0,0,0,166,0,B
660,1,0,0,0,0,166,0,B
661,1,0,0,0,0,167,0,B
662,1,0,0,0,0,167,0,B
663,1,0,0,0,0,168,0,B
664,1,0,0,0,0,168,0,B
665,1,0,0,0,0,169,0,B
666,1,0,0,0,0,170,0,B
667,1,0,0,0,0,170,0,B
668,1,0,0,0,0,171,0,B
669,1,0,0,0,0,171,0,B
670,1,0,0,0,0,172,0,B
671,1,0,0,0,0,172,0,B
672,1,0,0,0,0,173,0,B
673,1,0,0,0,0,173,0,B
674,1,0,0,0,0,174,0,B
675,1,0,0,0,0,174,0,B
676,1,0,0,0,0,175,0,B
677,1,0,0,0,0,176,0,B
678,1,0,0,0,0,176,0,B
679,1,0,0,0,0,177,0,B
680,1,0,0,0,0,177,0,B
681,1,0,0,0,0,178,0,B
682,1,0,0,0,0,178,0,B
683,1,0,0,0,0,179,0,B
684,1,0,0,0,0,179,0,B
685,1,0,0,0,0,180,0,B
686,1,0,0,0,0,180,0,B
687,1,0,0,0,0,181,0,B
688,1,0,0,0,0,182,0,B
689,1,0,0,0,0,182,0,B
690,1,0,0,0,0,183,0,B
